INDEX,TEAM,ROLE,E,A,D,DMG,H,MIT,RESULT
1,1,TANK,7,2,2,7838,4541,1318,WIN
1,1,DAMAGE,11,0,4,9162,0,570,WIN
1,1,DAMAGE,17,0,4,9152,0,2287,WIN
1,1,SUPPORT,6,9,1,2997,5168,0,WIN
1,1,SUPPORT,2,13,1,166,9094,330,WIN
1,2,TANK,5,0,4,7117,0,7275,LOSE
1,2,DAMAGE,6,1,5,7834,0,0,LOSE
1,2,DAMAGE,7,1,6,7008,0,0,LOSE
1,2,SUPPORT,3,4,5,2296,7720,446,LOSE
1,2,SUPPORT,0,4,3,184,12097,472,LOSE
2,1,TANK,42,17,1,11254,0,10868,WIN
2,1,DAMAGE,32,2,6,11930,1129,2,WIN
2,1,DAMAGE,28,0,5,11203,0,2110,WIN
2,1,SUPPORT,16,30,1,3216,12866,0,WIN
2,1,SUPPORT,17,30,4,4372,16262,502,WIN
2,2,TANK,11,4,11,12419,1191,10808,LOSE
2,2,DAMAGE,10,1,13,10182,0,0,LOSE
2,2,DAMAGE,6,1,13,10872,0,2256,LOSE
2,2,SUPPORT,2,10,10,2776,10855,0,LOSE
2,2,SUPPORT,1,9,11,904,9891,32,LOSE
3,1,TANK,32,2,1,9868,142,8620,WIN
3,1,DAMAGE,17,0,7,5718,0,25,WIN
3,1,DAMAGE,19,4,8,6805,0,225,WIN
3,1,SUPPORT,17,22,1,2824,7293,0,WIN
3,1,SUPPORT,19,15,5,3629,6761,117,WIN
3,2,TANK,8,1,8,7359,0,9748,LOSE
3,2,DAMAGE,15,4,7,5118,977,0,LOSE
3,2,DAMAGE,12,0,11,7181,801,45,LOSE
3,2,SUPPORT,8,10,6,1721,8127,625,LOSE
3,2,SUPPORT,3,6,7,1340,7949,502,LOSE
4,1,TANK,40,15,10,17182,0,16086,WIN
4,1,DAMAGE,30,9,14,15546,41,0,WIN
4,1,DAMAGE,42,17,12,18646,1878,6070,WIN
4,1,SUPPORT,27,27,8,6698,14782,0,WIN
4,1,SUPPORT,11,37,15,2248,23763,243,WIN
4,2,TANK,27,5,13,16786,0,24252,LOSE
4,2,DAMAGE,29,5,18,15371,610,1298,LOSE
4,2,DAMAGE,38,3,11,16683,1371,1603,LOSE
4,2,SUPPORT,21,21,8,6375,15248,105,LOSE
4,2,SUPPORT,11,26,11,5910,18825,469,LOSE
5,1,TANK,28,7,1,10429,2109,2839,WIN
5,1,DAMAGE,34,1,9,10209,0,324,WIN
5,1,DAMAGE,22,5,7,7865,0,50,WIN
5,1,SUPPORT,15,19,0,3362,7017,0,WIN
5,1,SUPPORT,13,18,3,3412,6986,14,WIN
5,2,TANK,5,1,11,5346,851,7212,LOSE
5,2,DAMAGE,9,6,8,5901,145,110,LOSE
5,2,DAMAGE,14,0,12,10562,164,0,LOSE
5,2,SUPPORT,2,11,8,2048,10177,0,LOSE
5,2,SUPPORT,4,5,13,2515,6082,403,LOSE
6,1,TANK,37,8,9,11025,0,7310,WIN
6,1,DAMAGE,50,5,3,15751,962,0,WIN
6,1,DAMAGE,42,0,5,12676,0,2904,WIN
6,1,SUPPORT,19,32,3,5078,9556,0,WIN
6,1,SUPPORT,7,34,1,1319,15575,571,WIN
6,2,TANK,16,3,10,14013,0,8151,LOSE
6,2,DAMAGE,15,7,11,6730,0,164,LOSE
6,2,DAMAGE,16,0,15,10940,50,111,LOSE
6,2,SUPPORT,12,14,13,4214,11467,5608,LOSE
6,2,SUPPORT,3,8,13,1956,11157,0,LOSE
7,1,TANK,25,6,4,11922,2907,3168,WIN
7,1,DAMAGE,18,2,8,9350,1455,0,WIN
7,1,DAMAGE,9,0,9,7884,345,207,WIN
7,1,SUPPORT,14,15,1,3743,6852,0,WIN
7,1,SUPPORT,14,12,5,3101,6437,419,WIN
7,2,TANK,14,2,8,9767,1922,8941,LOSE
7,2,DAMAGE,12,1,9,6455,1781,0,LOSE
7,2,DAMAGE,12,0,7,6362,0,1184,LOSE
7,2,SUPPORT,8,13,10,3900,6842,1791,LOSE
7,2,SUPPORT,7,14,5,1881,11357,1253,LOSE
8,1,TANK,15,1,3,5285,0,3098,WIN
8,1,DAMAGE,15,1,5,4025,422,806,WIN
8,1,DAMAGE,9,1,3,4133,0,395,WIN
8,1,SUPPORT,9,10,0,1273,3352,0,WIN
8,1,SUPPORT,3,11,3,530,5416,218,WIN
8,2,TANK,10,1,4,5767,0,6156,LOSE
8,2,DAMAGE,3,1,4,3115,0,0,LOSE
8,2,DAMAGE,6,2,6,3226,0,0,LOSE
8,2,SUPPORT,6,8,3,2533,3676,0,LOSE
8,2,SUPPORT,1,3,6,1000,4585,0,LOSE
9,1,TANK,33,10,1,11767,0,17743,WIN
9,1,DAMAGE,25,0,5,8728,596,1438,WIN
9,1,DAMAGE,28,0,10,11230,0,252,WIN
9,1,SUPPORT,16,28,3,3295,14926,0,WIN
9,1,SUPPORT,13,24,6,2485,12263,1397,WIN
9,2,TANK,9,2,11,8444,676,8077,LOSE
9,2,DAMAGE,13,2,8,10652,0,2131,LOSE
9,2,DAMAGE,12,0,10,11265,507,0,LOSE
9,2,SUPPORT,4,8,6,4077,10809,0,LOSE
9,2,SUPPORT,6,12,8,3997,8997,0,LOSE
10,1,TANK,12,1,0,4172,0,5714,WIN
10,1,DAMAGE,12,2,0,4457,0,1716,WIN
10,1,DAMAGE,19,0,1,6124,160,0,WIN
10,1,SUPPORT,11,11,0,2822,3111,0,WIN
10,1,SUPPORT,1,19,0,60,4060,0,WIN
10,2,TANK,0,0,5,3435,1919,1115,LOSE
10,2,DAMAGE,1,0,6,2834,0,0,LOSE
10,2,DAMAGE,0,0,5,1049,0,33,LOSE
10,2,SUPPORT,0,0,6,567,3201,617,LOSE
10,2,SUPPORT,0,0,0,0,0,0,LOSE
11,1,TANK,17,7,1,6299,853,5129,WIN
11,1,DAMAGE,14,0,7,5797,0,175,WIN
11,1,DAMAGE,13,0,8,5287,0,0,WIN
11,1,SUPPORT,12,17,2,2140,6122,0,WIN
11,1,SUPPORT,5,15,2,1114,7007,383,WIN
11,2,TANK,0,0,0,0,0,0,LOSE
11,2,DAMAGE,0,0,0,0,0,0,LOSE
11,2,DAMAGE,0,0,0,0,0,0,LOSE
11,2,SUPPORT,11,5,6,6632,2717,0,LOSE
11,2,SUPPORT,0,11,4,60,7203,0,LOSE
12,1,TANK,20,1,2,10649,0,22492,WIN
12,1,DAMAGE,20,0,5,6483,0,878,WIN
12,1,DAMAGE,15,4,3,5991,0,0,WIN
12,1,SUPPORT,12,16,1,3487,10091,0,WIN
12,1,SUPPORT,5,12,1,2350,9626,468,WIN
12,2,TANK,3,1,5,7705,0,3416,LOSE
12,2,DAMAGE,7,0,3,8143,0,0,LOSE
12,2,DAMAGE,5,1,9,5748,448,0,LOSE
12,2,SUPPORT,2,7,5,1703,9680,216,LOSE
12,2,SUPPORT,5,6,6,2598,8560,2482,LOSE
13,1,TANK,40,4,8,10643,0,13376,WIN
13,1,DAMAGE,25,0,13,9506,72,60,WIN
13,1,DAMAGE,38,1,12,12778,1130,0,WIN
13,1,SUPPORT,17,44,5,2849,13961,0,WIN
13,1,SUPPORT,35,26,13,8960,9585,0,WIN
13,2,TANK,21,5,13,6910,562,8694,LOSE
13,2,DAMAGE,38,1,13,16207,0,2700,LOSE
13,2,DAMAGE,26,4,13,11654,0,72,LOSE
13,2,SUPPORT,2,26,11,790,10706,0,LOSE
13,2,SUPPORT,21,31,13,6178,13019,855,LOSE
14,1,TANK,18,4,3,5970,754,8024,WIN
14,1,DAMAGE,18,4,4,7899,0,0,WIN
14,1,DAMAGE,25,0,3,9280,0,918,WIN
14,1,SUPPORT,15,18,1,2126,7192,0,WIN
14,1,SUPPORT,21,16,0,3602,9739,0,WIN
14,2,TANK,6,3,8,8388,225,5925,LOSE
14,2,DAMAGE,7,1,7,6824,194,589,LOSE
14,2,DAMAGE,3,0,11,4946,0,677,LOSE
14,2,SUPPORT,2,4,6,2232,7066,0,LOSE
14,2,SUPPORT,3,4,7,2093,8239,1060,LOSE
15,1,TANK,19,1,4,6298,0,6821,WIN
15,1,DAMAGE,20,0,3,4413,0,761,WIN
15,1,DAMAGE,17,1,4,6011,813,0,WIN
15,1,SUPPORT,14,14,0,2156,4653,0,WIN
15,1,SUPPORT,8,14,0,1054,4513,254,WIN
15,2,TANK,6,1,7,4608,542,5186,LOSE
15,2,DAMAGE,6,0,7,4205,0,587,LOSE
15,2,DAMAGE,6,0,8,3618,0,242,LOSE
15,2,SUPPORT,4,6,8,1326,3289,177,LOSE
15,2,SUPPORT,1,4,6,437,5527,0,LOSE
16,1,TANK,23,7,7,11318,0,9540,WIN
16,1,DAMAGE,27,8,8,11578,0,1905,WIN
16,1,DAMAGE,18,6,5,7477,0,0,WIN
16,1,SUPPORT,20,16,3,3584,7548,0,WIN
16,1,SUPPORT,21,18,6,3801,8909,449,WIN
16,2,TANK,11,4,10,9766,1576,4815,LOSE
16,2,DAMAGE,18,0,11,7863,665,0,LOSE
16,2,DAMAGE,10,7,8,5860,1418,4679,LOSE
16,2,SUPPORT,5,9,6,796,11948,0,LOSE
16,2,SUPPORT,11,4,10,3252,4845,589,LOSE
17,1,TANK,27,6,7,7665,0,9629,WIN
17,1,DAMAGE,14,1,9,8792,0,1149,WIN
17,1,DAMAGE,25,4,11,11283,556,448,WIN
17,1,SUPPORT,15,17,5,3761,8541,0,WIN
17,1,SUPPORT,8,21,5,1641,12033,561,WIN
17,2,TANK,28,6,7,8893,0,6369,LOSE
17,2,DAMAGE,18,1,9,7945,206,757,LOSE
17,2,DAMAGE,17,4,6,8319,0,103,LOSE
17,2,SUPPORT,22,14,9,6629,8001,638,LOSE
17,2,SUPPORT,4,19,7,948,12752,180,LOSE
18,1,TANK,15,8,0,4814,0,3640,WIN
18,1,DAMAGE,12,2,1,4665,0,0,WIN
18,1,DAMAGE,10,0,4,5582,267,0,WIN
18,1,SUPPORT,5,9,0,1185,4298,234,WIN
18,1,SUPPORT,0,17,0,0,6598,0,WIN
18,2,TANK,3,0,4,3800,0,5449,LOSE
18,2,DAMAGE,0,0,3,1779,0,0,LOSE
18,2,DAMAGE,4,1,4,4506,112,154,LOSE
18,2,SUPPORT,1,2,5,619,4134,0,LOSE
18,2,SUPPORT,1,1,5,1880,2995,492,LOSE
19,1,TANK,34,18,3,12580,0,12164,WIN
19,1,DAMAGE,29,4,10,11574,89,616,WIN
19,1,DAMAGE,32,2,10,12780,2104,0,WIN
19,1,SUPPORT,10,23,7,1675,12321,482,WIN
19,1,SUPPORT,21,27,7,5140,14749,0,WIN
19,2,TANK,22,1,11,13713,0,7169,LOSE
19,2,DAMAGE,19,2,12,10105,288,728,LOSE
19,2,DAMAGE,14,2,11,10896,1942,2417,LOSE
19,2,SUPPORT,17,15,8,7034,12097,0,LOSE
19,2,SUPPORT,4,14,7,2573,10103,416,LOSE
20,1,TANK,37,10,3,11178,0,19589,WIN
20,1,DAMAGE,31,1,11,10246,0,94,WIN
20,1,DAMAGE,20,10,11,6680,297,250,WIN
20,1,SUPPORT,25,25,5,7377,16187,0,WIN
20,1,SUPPORT,11,26,7,1948,15471,0,WIN
20,2,TANK,20,1,11,12570,0,23528,LOSE
20,2,DAMAGE,16,0,10,7734,84,7,LOSE
20,2,DAMAGE,22,4,10,14989,0,0,LOSE
20,2,SUPPORT,11,8,12,5348,6408,1427,LOSE
20,2,SUPPORT,10,16,7,3872,13321,60,LOSE
21,1,TANK,31,11,1,7192,0,8019,WIN
21,1,DAMAGE,15,1,8,5278,102,40,WIN
21,1,DAMAGE,17,2,7,6755,0,0,WIN
21,1,SUPPORT,11,18,3,2209,7572,0,WIN
21,1,SUPPORT,21,17,2,4161,8736,1170,WIN
21,2,TANK,12,0,9,10854,154,10213,LOSE
21,2,DAMAGE,3,0,14,5406,172,22,LOSE
21,2,DAMAGE,10,0,7,6595,273,22,LOSE
21,2,SUPPORT,3,12,8,2178,6071,524,LOSE
21,2,SUPPORT,3,5,8,672,3683,0,LOSE
22,1,TANK,20,10,0,4269,0,7825,WIN
22,1,DAMAGE,14,0,1,6238,1120,0,WIN
22,1,DAMAGE,5,1,1,2524,0,0,WIN
22,1,SUPPORT,2,12,1,590,5822,140,WIN
22,1,SUPPORT,14,12,0,4285,4144,0,WIN
22,2,TANK,0,0,5,4593,0,7175,LOSE
22,2,DAMAGE,0,0,6,2431,68,100,LOSE
22,2,DAMAGE,3,2,7,3439,161,105,LOSE
22,2,SUPPORT,1,0,5,646,5937,598,LOSE
22,2,SUPPORT,2,0,5,2941,2114,0,LOSE
23,1,TANK,19,10,5,10436,0,10513,WIN
23,1,DAMAGE,20,2,3,6849,1648,0,WIN
23,1,DAMAGE,16,0,16,9298,311,1330,WIN
23,1,SUPPORT,4,17,4,1921,10960,375,WIN
23,1,SUPPORT,2,14,7,657,10497,0,WIN
23,2,TANK,0,0,0,0,0,0,LOSE
23,2,DAMAGE,13,3,8,9135,828,3579,LOSE
23,2,DAMAGE,22,0,7,13113,0,206,LOSE
23,2,SUPPORT,3,21,5,417,10190,0,LOSE
23,2,SUPPORT,17,15,6,5240,8120,1404,LOSE
24,1,TANK,28,16,2,8861,0,5789,WIN
24,1,DAMAGE,21,5,8,8779,1188,3058,WIN
24,1,DAMAGE,28,4,9,6833,0,0,WIN
24,1,SUPPORT,18,16,4,5817,7731,52,WIN
24,1,SUPPORT,11,16,5,1791,7830,0,WIN
24,2,TANK,12,1,8,7244,0,14621,LOSE
24,2,DAMAGE,11,0,13,6419,0,440,LOSE
24,2,DAMAGE,12,3,12,6933,75,805,LOSE
24,2,SUPPORT,6,8,9,3890,7978,1172,LOSE
24,2,SUPPORT,8,9,5,2452,8601,0,LOSE
25,1,TANK,37,19,2,10802,0,15684,WIN
25,1,DAMAGE,22,5,7,9732,479,774,WIN
25,1,DAMAGE,28,0,9,12651,0,1586,WIN
25,1,SUPPORT,1,30,7,200,11321,0,WIN
25,1,SUPPORT,16,23,7,4349,12332,412,WIN
25,2,TANK,9,0,9,7412,0,13527,LOSE
25,2,DAMAGE,21,0,11,8448,880,17,LOSE
25,2,DAMAGE,19,0,10,10881,0,1995,LOSE
25,2,SUPPORT,7,15,10,2493,10702,202,LOSE
25,2,SUPPORT,17,12,9,4791,11110,0,LOSE
26,1,TANK,18,6,2,7102,0,11389,WIN
26,1,DAMAGE,22,0,5,9145,169,0,WIN
26,1,DAMAGE,14,6,5,5533,646,917,WIN
26,1,SUPPORT,10,15,9,2711,6849,313,WIN
26,1,SUPPORT,0,23,5,100,7862,0,WIN
26,2,TANK,0,0,0,0,0,0,LOSE
26,2,DAMAGE,0,0,0,0,0,0,LOSE
26,2,DAMAGE,0,0,0,0,0,0,LOSE
26,2,SUPPORT,2,13,6,1921,6403,0,LOSE
26,2,SUPPORT,2,7,5,1638,6476,0,LOSE
27,1,TANK,11,1,0,2716,0,2910,WIN
27,1,DAMAGE,11,0,2,3004,0,0,WIN
27,1,DAMAGE,8,0,1,3217,0,0,WIN
27,1,SUPPORT,9,13,0,2102,3992,2384,WIN
27,1,SUPPORT,4,6,1,690,3124,375,WIN
27,2,TANK,1,2,3,2643,0,1145,LOSE
27,2,DAMAGE,2,0,4,3171,0,0,LOSE
27,2,DAMAGE,1,0,4,1722,0,5,LOSE
27,2,SUPPORT,1,3,3,124,3943,0,LOSE
27,2,SUPPORT,2,0,3,1397,3179,0,LOSE
28,1,TANK,32,14,1,11019,0,18962,WIN
28,1,DAMAGE,25,2,13,9671,0,1433,WIN
28,1,DAMAGE,27,6,11,11621,1296,0,WIN
28,1,SUPPORT,21,26,10,6131,12460,0,WIN
28,1,SUPPORT,21,23,7,5836,16592,1041,WIN
28,2,TANK,13,3,11,10139,0,21985,LOSE
28,2,DAMAGE,16,0,11,12682,0,664,LOSE
28,2,DAMAGE,23,2,10,16306,0,0,LOSE
28,2,SUPPORT,7,17,7,2628,15438,535,LOSE
28,2,SUPPORT,7,12,7,4108,12928,588,LOSE
29,1,TANK,9,3,0,3497,0,7229,WIN
29,1,DAMAGE,7,2,2,2721,400,539,WIN
29,1,DAMAGE,4,0,1,721,0,0,WIN
29,1,SUPPORT,1,9,2,360,4788,0,WIN
29,1,SUPPORT,9,5,3,3923,3661,0,WIN
29,2,TANK,0,0,0,0,0,0,LOSE
29,2,DAMAGE,6,0,3,4151,462,0,LOSE
29,2,DAMAGE,0,0,4,2705,0,622,LOSE
29,2,SUPPORT,1,6,2,772,3309,74,LOSE
29,2,SUPPORT,5,5,3,2377,3523,0,LOSE
30,1,TANK,32,10,1,10182,0,13850,WIN
30,1,DAMAGE,28,8,3,10186,0,0,WIN
30,1,DAMAGE,29,3,8,11128,0,0,WIN
30,1,SUPPORT,14,19,5,4195,9625,402,WIN
30,1,SUPPORT,10,24,6,1582,14088,1211,WIN
30,2,TANK,11,3,9,10442,0,17747,LOSE
30,2,DAMAGE,13,0,13,9099,0,1968,LOSE
30,2,DAMAGE,10,0,13,7736,334,684,LOSE
30,2,SUPPORT,1,7,7,3001,12298,767,LOSE
30,2,SUPPORT,6,11,11,2515,8240,140,LOSE
31,1,TANK,23,12,0,403,0,7702,WIN
31,1,DAMAGE,13,0,3,4601,0,0,WIN
31,1,DAMAGE,22,0,1,6222,0,1037,WIN
31,1,SUPPORT,10,16,1,1654,4781,185,WIN
31,1,SUPPORT,2,23,0,717,7712,0,WIN
31,2,TANK,0,0,5,4036,0,4177,LOSE
31,2,DAMAGE,2,0,7,3801,0,139,LOSE
31,2,DAMAGE,5,0,5,5609,0,1435,LOSE
31,2,SUPPORT,0,2,7,286,3844,0,LOSE
31,2,SUPPORT,0,3,6,652,4163,28,LOSE
32,1,TANK,16,8,0,4548,0,3529,WIN
32,1,DAMAGE,13,4,0,3799,386,2070,WIN
32,1,DAMAGE,10,3,3,2758,0,0,WIN
32,1,SUPPORT,0,18,0,0,5498,0,WIN
32,1,SUPPORT,17,16,0,2872,4036,0,WIN
32,2,TANK,2,0,6,4674,353,1540,LOSE
32,2,DAMAGE,1,0,5,2874,254,31,LOSE
32,2,DAMAGE,2,0,6,3801,131,1384,LOSE
32,2,SUPPORT,0,2,1,354,4103,348,LOSE
32,2,SUPPORT,0,0,3,458,2078,173,LOSE
33,1,TANK,39,11,3,11131,0,7888,WIN
33,1,DAMAGE,22,1,8,10147,276,0,WIN
33,1,DAMAGE,24,11,8,9465,1171,2754,WIN
33,1,SUPPORT,13,21,6,3230,10883,668,WIN
33,1,SUPPORT,26,33,4,5565,13919,0,WIN
33,2,TANK,16,6,8,9566,0,9234,LOSE
33,2,DAMAGE,9,3,9,12984,1068,15,LOSE
33,2,DAMAGE,23,0,14,12562,0,771,LOSE
33,2,SUPPORT,4,10,13,2574,7252,615,LOSE
33,2,SUPPORT,5,20,9,2062,14313,0,LOSE
34,1,TANK,40,16,4,15593,0,5438,WIN
34,1,DAMAGE,27,9,5,11771,1643,0,WIN
34,1,DAMAGE,32,4,8,16725,110,0,WIN
34,1,SUPPORT,3,32,6,140,18562,0,WIN
34,1,SUPPORT,15,20,11,4405,10540,49,WIN
34,2,TANK,15,0,12,12671,0,21583,LOSE
34,2,DAMAGE,22,1,12,12232,1046,0,LOSE
34,2,DAMAGE,12,2,12,11089,593,4622,LOSE
34,2,SUPPORT,8,10,13,4034,12056,105,LOSE
34,2,SUPPORT,10,15,7,5590,14418,0,LOSE
35,1,TANK,29,13,3,11784,0,12396,WIN
35,1,DAMAGE,27,0,12,9680,0,2702,WIN
35,1,DAMAGE,27,6,9,12287,257,15,WIN
35,1,SUPPORT,5,17,3,2189,16415,570,WIN
35,1,SUPPORT,0,31,1,0,11032,0,WIN
35,2,TANK,18,4,9,12775,255,9001,LOSE
35,2,DAMAGE,15,0,11,7596,0,0,LOSE
35,2,DAMAGE,15,1,11,11733,840,209,LOSE
35,2,SUPPORT,4,15,8,2346,10384,258,LOSE
35,2,SUPPORT,7,18,8,4889,9677,3328,LOSE
36,1,TANK,33,10,8,13853,0,13461,WIN
36,1,DAMAGE,19,7,13,7874,781,0,WIN
36,1,DAMAGE,28,5,9,13155,875,2308,WIN
36,1,SUPPORT,13,31,8,3820,13571,0,WIN
36,1,SUPPORT,10,22,9,4469,15109,1565,WIN
36,2,TANK,19,2,11,12809,480,13039,LOSE
36,2,DAMAGE,25,1,13,15363,480,0,LOSE
36,2,DAMAGE,24,1,7,11094,0,0,LOSE
36,2,SUPPORT,11,17,10,3488,11095,1317,LOSE
36,2,SUPPORT,14,24,6,4426,12868,4461,LOSE
37,1,TANK,28,8,3,11937,0,9080,WIN
37,1,DAMAGE,24,0,8,11391,0,217,WIN
37,1,DAMAGE,29,7,4,7947,150,0,WIN
37,1,SUPPORT,7,25,6,1341,12322,895,WIN
37,1,SUPPORT,24,25,3,7506,14582,658,WIN
37,2,TANK,13,4,9,8046,0,14021,LOSE
37,2,DAMAGE,13,0,9,11390,0,0,LOSE
37,2,DAMAGE,13,0,10,8085,481,2021,LOSE
37,2,SUPPORT,8,16,7,6426,12121,6674,LOSE
37,2,SUPPORT,3,15,5,1408,11974,0,LOSE
38,1,TANK,42,14,3,11464,0,18603,WIN
38,1,DAMAGE,25,5,8,9676,0,1243,WIN
38,1,DAMAGE,34,8,9,14669,0,55,WIN
38,1,SUPPORT,1,38,1,320,21739,567,WIN
38,1,SUPPORT,26,27,3,5794,13006,245,WIN
38,2,TANK,10,2,10,11720,34,18310,LOSE
38,2,DAMAGE,14,3,20,11863,1448,0,LOSE
38,2,DAMAGE,13,0,17,12345,0,133,LOSE
38,2,SUPPORT,5,11,11,4451,9450,0,LOSE
38,2,SUPPORT,6,18,13,2822,10763,601,LOSE
39,1,TANK,16,4,0,6958,0,6436,WIN
39,1,DAMAGE,16,4,4,6544,384,252,WIN
39,1,DAMAGE,12,4,1,6015,0,0,WIN
39,1,SUPPORT,0,17,0,0,8806,0,WIN
39,1,SUPPORT,2,6,5,607,5237,131,WIN
39,2,TANK,3,1,4,4485,93,7549,LOSE
39,2,DAMAGE,4,1,6,5937,0,934,LOSE
39,2,DAMAGE,6,1,7,5272,0,124,LOSE
39,2,SUPPORT,2,3,5,1399,5257,0,LOSE
39,2,SUPPORT,0,4,4,989,6441,153,LOSE
40,1,TANK,24,9,4,10558,0,12840,WIN
40,1,DAMAGE,27,2,10,10078,1561,0,WIN
40,1,DAMAGE,28,2,6,11599,0,0,WIN
40,1,SUPPORT,3,23,4,550,15534,411,WIN
40,1,SUPPORT,9,16,5,2843,10988,616,WIN
40,2,TANK,11,1,9,9761,0,7136,LOSE
40,2,DAMAGE,15,2,13,8732,0,1085,LOSE
40,2,DAMAGE,10,0,9,9979,0,853,LOSE
40,2,SUPPORT,5,12,6,2870,9908,326,LOSE
40,2,SUPPORT,11,11,8,7936,9006,1188,LOSE
41,1,TANK,48,24,3,13040,0,11434,WIN
41,1,DAMAGE,37,11,11,14440,0,0,WIN
41,1,DAMAGE,38,6,16,13101,1087,0,WIN
41,1,SUPPORT,1,42,9,1270,9646,0,WIN
41,1,SUPPORT,12,32,7,2044,11051,795,WIN
41,2,TANK,14,5,14,8095,0,12146,LOSE
41,2,DAMAGE,28,1,17,11385,0,1942,LOSE
41,2,DAMAGE,23,4,18,11786,0,0,LOSE
41,2,SUPPORT,0,18,10,238,11078,0,LOSE
41,2,SUPPORT,6,15,9,3061,11193,116,LOSE
42,1,TANK,33,17,1,9509,0,12253,WIN
42,1,DAMAGE,22,3,4,9400,1468,0,WIN
42,1,DAMAGE,29,0,9,10417,484,684,WIN
42,1,SUPPORT,1,37,1,100,15295,0,WIN
42,1,SUPPORT,15,22,3,4029,10276,1133,WIN
42,2,TANK,10,1,7,9622,0,10312,LOSE
42,2,DAMAGE,11,0,9,10600,0,1005,LOSE
42,2,DAMAGE,7,0,14,8907,354,1663,LOSE
42,2,SUPPORT,0,12,6,0,11989,0,LOSE
42,2,SUPPORT,6,6,8,4732,6738,723,LOSE
43,1,TANK,27,6,3,11140,0,18904,WIN
43,1,DAMAGE,21,2,3,8455,0,0,WIN
43,1,DAMAGE,22,4,6,7459,86,789,WIN
43,1,SUPPORT,13,25,4,3564,10003,4874,WIN
43,1,SUPPORT,10,13,3,1356,8897,537,WIN
43,2,TANK,7,2,8,6973,0,4235,LOSE
43,2,DAMAGE,10,1,8,6919,1521,0,LOSE
43,2,DAMAGE,12,0,7,7396,0,0,LOSE
43,2,SUPPORT,4,3,5,3687,7401,956,LOSE
43,2,SUPPORT,3,9,9,2742,9141,2332,LOSE
44,1,TANK,13,2,0,7974,0,8912,WIN
44,1,DAMAGE,12,5,0,5362,0,0,WIN
44,1,DAMAGE,6,0,4,5232,81,5,WIN
44,1,SUPPORT,1,13,0,40,5719,0,WIN
44,1,SUPPORT,6,12,0,1545,8517,582,WIN
44,2,TANK,2,0,3,4308,0,7434,LOSE
44,2,DAMAGE,4,0,5,4572,0,0,LOSE
44,2,DAMAGE,2,1,4,5328,0,0,LOSE
44,2,SUPPORT,0,4,4,0,7754,0,LOSE
44,2,SUPPORT,1,3,2,1593,5810,1736,LOSE
45,1,TANK,30,9,5,13467,897,14769,WIN
45,1,DAMAGE,29,9,6,11383,0,0,WIN
45,1,DAMAGE,40,0,10,11505,0,0,WIN
45,1,SUPPORT,21,25,8,6071,8451,566,WIN
45,1,SUPPORT,15,23,7,3958,19126,1720,WIN
45,2,TANK,10,4,15,15047,0,11623,LOSE
45,2,DAMAGE,21,0,11,13064,0,1632,LOSE
45,2,DAMAGE,13,0,11,10443,0,116,LOSE
45,2,SUPPORT,8,15,9,4303,13638,0,LOSE
45,2,SUPPORT,5,14,13,3057,10421,113,LOSE
46,1,TANK,28,7,3,12751,1193,3790,WIN
46,1,DAMAGE,25,5,5,11276,0,0,WIN
46,1,DAMAGE,26,3,8,10574,488,119,WIN
46,1,SUPPORT,12,17,4,4056,7099,304,WIN
46,1,SUPPORT,5,28,3,1282,12367,0,WIN
46,2,TANK,14,4,7,9924,0,15474,LOSE
46,2,DAMAGE,12,0,14,6218,94,277,LOSE
46,2,DAMAGE,12,1,7,7418,658,275,LOSE
46,2,SUPPORT,4,7,7,2042,12121,96,LOSE
46,2,SUPPORT,0,0,0,0,0,0,LOSE
47,1,TANK,34,8,5,9475,283,10226,WIN
47,1,DAMAGE,34,0,4,12704,0,527,WIN
47,1,DAMAGE,29,1,10,9365,1153,662,WIN
47,1,SUPPORT,18,24,3,4640,8228,0,WIN
47,1,SUPPORT,15,33,7,3390,8721,464,WIN
47,2,TANK,18,7,12,8951,0,6288,LOSE
47,2,DAMAGE,18,1,13,10022,853,570,LOSE
47,2,DAMAGE,14,0,12,6027,0,68,LOSE
47,2,SUPPORT,2,19,10,351,10906,186,LOSE
47,2,SUPPORT,8,14,8,2687,9788,557,LOSE
48,1,TANK,31,10,3,9285,0,15437,WIN
48,1,DAMAGE,36,1,3,13052,0,0,WIN
48,1,DAMAGE,34,5,8,11841,1127,0,WIN
48,1,SUPPORT,10,21,4,3093,9147,206,WIN
48,1,SUPPORT,0,35,4,60,13145,0,WIN
48,2,TANK,8,2,11,7919,0,8561,LOSE
48,2,DAMAGE,18,0,12,8667,832,0,LOSE
48,2,DAMAGE,7,4,4,6987,2212,0,LOSE
48,2,SUPPORT,2,5,10,2575,8915,2181,LOSE
48,2,SUPPORT,7,5,11,4778,6007,66,LOSE
49,1,TANK,22,5,6,9974,0,7150,WIN
49,1,DAMAGE,25,1,7,11477,0,0,WIN
49,1,DAMAGE,27,9,6,10237,401,0,WIN
49,1,SUPPORT,9,20,7,4808,7962,153,WIN
49,1,SUPPORT,6,12,9,3358,6435,799,WIN
49,2,TANK,21,6,8,10968,0,12037,LOSE
49,2,DAMAGE,18,1,10,7163,938,0,LOSE
49,2,DAMAGE,19,3,8,9540,533,0,LOSE
49,2,SUPPORT,13,11,10,3485,10084,536,LOSE
49,2,SUPPORT,7,13,10,2523,11515,0,LOSE
50,1,TANK,18,2,1,5544,0,1510,WIN
50,1,DAMAGE,12,3,1,4512,0,0,WIN
50,1,DAMAGE,11,0,2,3023,0,0,WIN
50,1,SUPPORT,8,7,1,1774,3346,0,WIN
50,1,SUPPORT,3,13,0,632,4788,0,WIN
50,2,TANK,2,1,5,4236,0,4438,LOSE
50,2,DAMAGE,3,0,6,2365,301,0,LOSE
50,2,DAMAGE,3,0,5,2144,0,0,LOSE
50,2,SUPPORT,1,1,5,1588,3153,1536,LOSE
50,2,SUPPORT,0,2,4,269,4249,0,LOSE
51,1,TANK,15,1,9,10703,584,14251,WIN
51,1,DAMAGE,21,6,4,11595,0,0,WIN
51,1,DAMAGE,23,6,14,10088,0,0,WIN
51,1,SUPPORT,8,15,9,1785,12442,1302,WIN
51,1,SUPPORT,9,18,4,3098,8343,0,WIN
51,2,TANK,26,5,7,11538,1306,8824,LOSE
51,2,DAMAGE,14,4,13,7660,46,224,LOSE
51,2,DAMAGE,0,0,0,0,0,0,LOSE
51,2,SUPPORT,20,19,8,3904,10791,5455,LOSE
51,2,SUPPORT,15,12,9,3798,8535,221,LOSE
52,1,TANK,5,0,3,4767,0,5590,WIN
52,1,DAMAGE,10,0,0,3435,0,0,WIN
52,1,DAMAGE,6,0,3,2858,0,0,WIN
52,1,SUPPORT,3,3,2,985,3772,471,WIN
52,1,SUPPORT,0,9,1,0,5592,0,WIN
52,2,TANK,0,0,0,0,0,0,LOSE
52,2,DAMAGE,2,1,3,1974,0,0,LOSE
52,2,DAMAGE,6,2,3,3659,0,0,LOSE
52,2,SUPPORT,4,5,3,724,4218,43,LOSE
52,2,SUPPORT,4,3,2,649,2617,0,LOSE
53,1,TANK,18,7,2,5525,0,2397,WIN
53,1,DAMAGE,19,2,2,5298,0,0,WIN
53,1,DAMAGE,16,1,5,5934,1080,0,WIN
53,1,SUPPORT,0,14,3,7,3851,0,WIN
53,1,SUPPORT,10,8,5,3622,3131,211,WIN
53,2,TANK,8,2,6,4604,0,4224,LOSE
53,2,DAMAGE,8,2,7,4126,0,158,LOSE
53,2,DAMAGE,13,0,6,5293,0,328,LOSE
53,2,SUPPORT,2,8,6,529,5229,345,LOSE
53,2,SUPPORT,5,4,5,2303,4617,192,LOSE
54,1,TANK,21,0,4,9838,0,9520,WIN
54,1,DAMAGE,25,1,2,7905,0,0,WIN
54,1,DAMAGE,18,1,6,6677,0,1900,WIN
54,1,SUPPORT,16,21,1,2912,7343,677,WIN
54,1,SUPPORT,5,16,2,1264,6519,0,WIN
54,2,TANK,9,1,5,6346,0,8433,LOSE
54,2,DAMAGE,6,0,12,7082,0,759,LOSE
54,2,DAMAGE,3,1,11,2701,0,0,LOSE
54,2,SUPPORT,1,8,9,509,10115,0,LOSE
54,2,SUPPORT,6,3,7,5002,6043,203,LOSE
55,1,TANK,21,1,1,5285,0,4734,WIN
55,1,DAMAGE,18,1,1,6815,0,0,WIN
55,1,DAMAGE,13,0,1,5643,0,2858,WIN
55,1,SUPPORT,5,11,0,2317,4097,41,WIN
55,1,SUPPORT,0,18,0,0,4654,0,WIN
55,2,TANK,3,0,4,3785,0,3995,LOSE
55,2,DAMAGE,2,0,8,2855,250,530,LOSE
55,2,DAMAGE,1,0,8,2961,0,0,LOSE
55,2,SUPPORT,1,2,7,1408,3054,289,LOSE
55,2,SUPPORT,1,1,4,1386,5123,542,LOSE
56,1,TANK,33,4,4,10509,0,5654,WIN
56,1,DAMAGE,23,1,6,7386,0,0,WIN
56,1,DAMAGE,32,4,5,10213,1821,0,WIN
56,1,SUPPORT,11,25,4,2732,7352,0,WIN
56,1,SUPPORT,18,27,6,2628,8305,576,WIN
56,2,TANK,16,4,9,7708,0,6190,LOSE
56,2,DAMAGE,11,0,13,5695,514,264,LOSE
56,2,DAMAGE,12,0,10,7868,5,572,LOSE
56,2,SUPPORT,7,11,8,2873,10236,1295,LOSE
56,2,SUPPORT,3,12,9,875,9085,0,LOSE
57,1,TANK,20,3,5,11165,0,19121,WIN
57,1,DAMAGE,17,0,2,6427,0,0,WIN
57,1,DAMAGE,18,5,5,8430,0,0,WIN
57,1,SUPPORT,10,18,2,3365,11769,877,WIN
57,1,SUPPORT,8,12,5,1260,7081,623,WIN
57,2,TANK,4,1,6,5251,0,8015,LOSE
57,2,DAMAGE,9,0,10,7411,184,48,LOSE
57,2,DAMAGE,14,0,7,7725,0,1567,LOSE
57,2,SUPPORT,12,6,2,3752,11170,981,LOSE
57,2,SUPPORT,5,7,9,4554,7558,1857,LOSE
58,1,TANK,24,3,6,12837,851,7036,WIN
58,1,DAMAGE,20,0,4,7654,0,0,WIN
58,1,DAMAGE,18,0,12,10512,1013,0,WIN
58,1,SUPPORT,13,14,5,5242,5165,579,WIN
58,1,SUPPORT,2,25,5,132,11067,793,WIN
58,2,TANK,14,2,6,8223,5314,2501,LOSE
58,2,DAMAGE,16,0,8,8324,0,199,LOSE
58,2,DAMAGE,17,0,8,10469,2466,0,LOSE
58,2,SUPPORT,5,15,8,1903,7114,0,LOSE
58,2,SUPPORT,3,16,7,7409,9240,275,LOSE
59,1,TANK,11,4,1,4461,0,2492,WIN
59,1,DAMAGE,12,0,0,3904,0,0,WIN
59,1,DAMAGE,14,0,1,5389,0,19,WIN
59,1,SUPPORT,2,8,1,1283,3795,30,WIN
59,1,SUPPORT,8,11,1,1472,5446,1404,WIN
59,2,TANK,3,1,6,4143,0,4545,LOSE
59,2,DAMAGE,3,0,5,3718,437,70,LOSE
59,2,DAMAGE,4,3,2,2172,1071,0,LOSE
59,2,SUPPORT,0,1,2,1298,5378,300,LOSE
59,2,SUPPORT,0,1,3,1781,3314,504,LOSE
60,1,TANK,10,6,0,2881,314,914,WIN
60,1,DAMAGE,11,0,0,2143,0,0,WIN
60,1,DAMAGE,9,0,0,2242,0,70,WIN
60,1,SUPPORT,3,5,0,446,1938,158,WIN
60,1,SUPPORT,5,5,0,508,2394,10,WIN
60,2,TANK,0,0,3,1158,0,1800,LOSE
60,2,DAMAGE,0,0,3,1750,0,0,LOSE
60,2,DAMAGE,0,0,4,1407,0,226,LOSE
60,2,SUPPORT,0,0,3,275,1569,0,LOSE
60,2,SUPPORT,0,0,3,1249,1946,0,LOSE
61,1,TANK,27,3,8,15214,2935,22384,WIN
61,1,DAMAGE,29,0,8,8734,0,0,WIN
61,1,DAMAGE,36,9,8,11736,1840,16,WIN
61,1,SUPPORT,18,24,6,4761,11402,233,WIN
61,1,SUPPORT,6,23,7,1950,16527,890,WIN
61,2,TANK,22,4,8,15591,0,9981,LOSE
61,2,DAMAGE,21,1,12,12451,251,207,LOSE
61,2,DAMAGE,20,4,10,13899,305,186,LOSE
61,2,SUPPORT,3,13,11,1025,9787,470,LOSE
61,2,SUPPORT,13,18,8,6025,16232,1267,LOSE
62,1,TANK,39,8,6,10233,0,15375,WIN
62,1,DAMAGE,49,0,2,10556,0,0,WIN
62,1,DAMAGE,40,1,11,11519,672,370,WIN
62,1,SUPPORT,12,28,7,2604,10849,466,WIN
62,1,SUPPORT,52,22,2,16254,17248,0,WIN
62,2,TANK,21,4,14,14122,1124,9196,LOSE
62,2,DAMAGE,10,5,12,8873,228,0,LOSE
62,2,DAMAGE,15,0,13,15128,0,355,LOSE
62,2,SUPPORT,10,17,17,4359,10915,2209,LOSE
62,2,SUPPORT,2,14,8,1357,16977,699,LOSE
63,1,TANK,23,8,7,9581,0,23749,WIN
63,1,DAMAGE,20,0,2,8979,0,0,WIN
63,1,DAMAGE,27,2,7,14282,1863,0,WIN
63,1,SUPPORT,11,17,6,3508,13135,585,WIN
63,1,SUPPORT,22,14,8,8110,8389,1052,WIN
63,2,TANK,18,5,5,11466,0,14112,LOSE
63,2,DAMAGE,16,0,10,9217,0,1001,LOSE
63,2,DAMAGE,23,0,11,13616,1897,124,LOSE
63,2,SUPPORT,2,21,7,550,15623,618,LOSE
63,2,SUPPORT,9,15,8,2155,13073,1031,LOSE
64,1,TANK,6,1,1,4935,0,1896,WIN
64,1,DAMAGE,4,0,1,2540,0,0,WIN
64,1,DAMAGE,5,0,4,2127,0,1440,WIN
64,1,SUPPORT,0,2,1,225,2644,58,WIN
64,1,SUPPORT,0,4,2,0,3927,0,WIN
64,2,TANK,6,3,1,3472,0,1285,LOSE
64,2,DAMAGE,7,0,2,3210,0,0,LOSE
64,2,DAMAGE,0,0,0,0,0,0,LOSE
64,2,SUPPORT,1,3,2,356,2152,64,LOSE
64,2,SUPPORT,3,5,0,1283,2749,249,LOSE
65,1,TANK,22,11,3,8591,0,11045,WIN
65,1,DAMAGE,18,0,5,6721,0,0,WIN
65,1,DAMAGE,17,4,9,7580,0,1852,WIN
65,1,SUPPORT,15,13,4,3152,10147,1423,WIN
65,1,SUPPORT,14,17,4,1927,8554,0,WIN
65,2,TANK,18,1,9,7487,0,15140,LOSE
65,2,DAMAGE,14,6,7,7275,537,309,LOSE
65,2,DAMAGE,12,0,3,9033,0,139,LOSE
65,2,SUPPORT,9,13,6,4820,7601,254,LOSE
65,2,SUPPORT,0,0,0,0,0,0,LOSE
66,1,TANK,18,5,5,9379,0,6756,WIN
66,1,DAMAGE,20,0,4,9450,0,0,WIN
66,1,DAMAGE,24,1,3,10186,0,3547,WIN
66,1,SUPPORT,15,13,7,4467,8005,3030,WIN
66,1,SUPPORT,1,23,2,362,12282,398,WIN
66,2,TANK,14,5,7,9679,0,5848,LOSE
66,2,DAMAGE,13,3,6,7295,821,747,LOSE
66,2,DAMAGE,11,0,10,7228,0,1184,LOSE
66,2,SUPPORT,10,8,9,2972,8426,163,LOSE
66,2,SUPPORT,9,7,5,5028,11130,0,LOSE
67,1,TANK,12,7,3,4461,0,3607,WIN
67,1,DAMAGE,11,1,6,3685,0,0,WIN
67,1,DAMAGE,15,0,0,5461,0,50,WIN
67,1,SUPPORT,4,8,0,998,5863,219,WIN
67,1,SUPPORT,14,9,1,4386,3004,0,WIN
67,2,TANK,3,1,4,4033,0,9299,LOSE
67,2,DAMAGE,6,0,8,4340,0,0,LOSE
67,2,DAMAGE,7,0,6,3992,351,276,LOSE
67,2,SUPPORT,2,3,7,945,5097,48,LOSE
67,2,SUPPORT,0,7,4,356,5366,0,LOSE
68,1,TANK,37,9,3,11654,86,13456,WIN
68,1,DAMAGE,21,2,7,10480,0,714,WIN
68,1,DAMAGE,29,2,7,7492,0,254,WIN
68,1,SUPPORT,18,24,1,3028,18813,1638,WIN
68,1,SUPPORT,22,28,5,6832,11858,140,WIN
68,2,TANK,13,3,9,8922,0,22584,LOSE
68,2,DAMAGE,11,1,14,14389,0,41,LOSE
68,2,DAMAGE,14,2,10,15120,225,676,LOSE
68,2,SUPPORT,0,17,10,460,14261,0,LOSE
68,2,SUPPORT,4,7,10,3413,7968,1233,LOSE
69,1,TANK,21,3,6,11368,0,12270,WIN
69,1,DAMAGE,21,0,1,8722,0,0,WIN
69,1,DAMAGE,21,13,4,6968,1450,10,WIN
69,1,SUPPORT,13,17,6,4076,7705,1706,WIN
69,1,SUPPORT,1,22,4,67,12375,287,WIN
69,2,TANK,13,6,7,10209,605,3482,LOSE
69,2,DAMAGE,16,0,6,7791,85,0,LOSE
69,2,DAMAGE,12,1,6,8599,1172,1076,LOSE
69,2,SUPPORT,8,9,7,3448,9705,2549,LOSE
69,2,SUPPORT,2,13,3,304,8751,0,LOSE
70,1,TANK,15,4,2,4142,0,7194,WIN
70,1,DAMAGE,14,4,2,3846,0,0,WIN
70,1,DAMAGE,15,0,2,4124,0,200,WIN
70,1,SUPPORT,7,15,2,800,3277,62,WIN
70,1,SUPPORT,10,15,1,1268,4260,0,WIN
70,2,TANK,5,1,6,2373,0,0,LOSE
70,2,DAMAGE,6,0,4,2984,0,754,LOSE
70,2,DAMAGE,1,7,4,1754,2514,1234,LOSE
70,2,SUPPORT,2,2,3,858,2641,451,LOSE
70,2,SUPPORT,0,0,0,0,0,0,LOSE
71,1,TANK,41,15,9,13649,0,16818,WIN
71,1,DAMAGE,34,0,4,10867,0,0,WIN
71,1,DAMAGE,32,6,11,10645,1855,955,WIN
71,1,SUPPORT,15,31,7,4171,13327,112,WIN
71,1,SUPPORT,22,35,4,6590,17835,1978,WIN
71,2,TANK,21,3,9,13612,1477,13299,LOSE
71,2,DAMAGE,19,0,15,11064,272,84,LOSE
71,2,DAMAGE,22,2,11,13069,0,911,LOSE
71,2,SUPPORT,16,23,10,6779,11624,285,LOSE
71,2,SUPPORT,6,20,9,3402,14969,1023,LOSE
